{
  "version": 1,
  "author": "21CSB0F15 SAVVY JAIN",
  "editor": "wokwi",
  "parts": [
    { "type": "board-esp32-devkit-c-v4", "id": "esp", "top": 0, "left": 0, "attrs": {} },
    { "type": "wokwi-dht22", "id": "dht1", "top": -105.3, "left": -120.6, "attrs": {} },
    {
      "type": "wokwi-buzzer",
      "id": "bz1",
      "top": -93.6,
      "left": 165,
      "attrs": { "volume": "0.1" }
    },
    {
      "type": "wokwi-led",
      "id": "led1",
      "top": 111.6,
      "left": -111.4,
      "attrs": { "color": "green" }
    },
    {
      "type": "wokwi-led",
      "id": "led2",
      "top": 121.2,
      "left": 186.2,
      "attrs": { "color": "red" }
    },
    {
      "type": "wokwi-resistor",
      "id": "r1",
      "top": 71.15,
      "left": -86.4,
      "attrs": { "value": "10000" }
    }
  ],
  "connections": [
    [ "esp:TX", "$serialMonitor:RX", "", [] ],
    [ "esp:RX", "$serialMonitor:TX", "", [] ],
    [ "dht1:DATA", "esp:4", "yellow", [] ],
    [ "bz1:2", "esp:GND", "black", [] ],
    [ "led1:C", "esp:GND.1", "#8f4814", [ "v38.4", "h48.4", "v-38.4" ] ],
    [ "esp:GND.1", "led2:C", "#8f4814", [ "h139.39", "v48", "h48" ] ],
    [ "led1:A", "esp:5", "green", [ "v76.8", "h201.6", "v-115.2" ] ],
    [ "led2:A", "esp:18", "red", [ "v19.2", "h38.4", "v-76.8", "h-144" ] ],
    [ "bz1:1", "esp:19", "#8f4814", [ "v0" ] ],
    [ "esp:GND.2", "bz1:2", "black", [ "v0", "h100.84" ] ],
    [ "dht1:VCC", "esp:3V3", "#8f4814", [ "v19.2", "h115.2" ] ],
    [ "dht1:GND", "esp:GND.2", "black", [ "v-19.2", "h220.8" ] ],
    [ "dht1:SDA", "esp:4", "orange", [ "v-38.4", "h259.3", "v163.2" ] ],
    [ "dht1:SDA", "r1:1", "blue", [ "v67.2", "h0.1" ] ],
    [ "r1:2", "esp:3V3", "blue", [ "v0" ] ]
  ],
  "dependencies": {}
}